rs61748790	1	C>G,C>T	ZFP69B:65243	SNV		Missense Variant
rs141321850	2	A>G,A>T	ZFP69B:65243	SNV		Missense Variant
rs142239725	3	A>G	ZFP69B:65243	SNV		Missense Variant
rs146682666	4	C>A	ZFP69B:65243	SNV		Missense Variant
rs149173649	5	C>A,C>T	ZFP69B:65243	SNV		Missense Variant
rs151207450	6	G>C,G>T	ZFP69B:65243	SNV		Missense Variant
rs202149004	7	A>G	ZFP69B:65243	SNV		Synonymous Variant
rs368154285	8	G>T	ZFP69B:65243	SNV		Missense Variant
rs368570334	9	A>G	ZFP69B:65243	SNV		Missense Variant
rs371800696	10	G>A	ZFP69B:65243	SNV		Synonymous Variant
rs373998803	11	A>G,A>T	ZFP69B:65243	SNV		Synonymous Variant
rs375172553	12	A>T	ZFP69B:65243	SNV		Missense Variant
rs375957457	13	A>G	ZFP69B:65243	SNV		Missense Variant
rs376946140	14	C>T	ZFP69B:65243	SNV		Synonymous Variant
rs533148248	15	C>T	ZFP69B:65243	SNV		Missense Variant
rs542565673	16	T>C	ZFP69B:65243	SNV		Synonymous Variant
rs565408940	17	G>A	ZFP69B:65243	SNV		Synonymous Variant
rs748501212	18	AC>A	ZFP69B:65243	INDEL		Frameshift Variant
rs749403719	19	A>G	ZFP69B:65243	SNV		Missense Variant
rs752166230	20	C>T	ZFP69B:65243	SNV		Missense Variant